{
  "nodes": [
    {
      "id": "0",
      "name": "kvazjjta",
      "symbolSize": 5.236638,
      "x": 313.4691335454545,
      "y": 264,
      "value": 47.847358,
      "category": 